[
    {
        "pregunta": "Pregunta 1: ¿Cuál fue el principal motivo de la exploración de América por parte de los europeos en el siglo XV?",
        "opciones": [
            "La búsqueda de nuevas rutas comerciales",
            "La difusión del cristianismo",
            "La colonización de nuevas tierras",
            "La investigación científica"
        ],
        "respuesta_correcta": "a"
    },
    {
        "pregunta": "Pregunta 2: ¿Quién fue el líder de la Revolución Mexicana que se destacó por luchar por los derechos agrarios?",
        "opciones": [
            "Emiliano Zapata",
            "Pancho Villa",
            "Venustiano Carranza",
            "Francisco I. Madero"
        ],
        "respuesta_correcta": "a"
    },
    {
        "pregunta": "Pregunta 3: ¿Qué evento marcó el inicio de la Segunda Guerra Mundial?",
        "opciones": [
            "La invasión de Polonia por Alemania",
            "El ataque a Pearl Harbor",
            "La firma del Tratado de Versalles",
            "La caída de Berlín"
        ],
        "respuesta_correcta": "a"
    }
]